customer_id,gender,age,city,signup_date,loyalty_member
C0001,Male,19,Liverpool,17/10/2023,Yes
C0002,Male,65,Manchester,17/08/2022,Yes
C0003,Female,20,London,28/08/2023,Yes
C0004,Male,50,London,12/08/2022,Yes
C0005,Female,32,Nottingham,28/10/2023,No
C0006,Male,62,Sheffield,07/01/2022,No
C0007,Male,31,Bristol,12/10/2022,Yes
C0008,Female,24,Bristol,05/04/2022,No
C0009,Female,20,Nottingham,11/09/2023,Yes
C0010,Male,53,Liverpool,23/01/2023,No
C0011,Male,63,Manchester,15/08/2023,Yes
C0012,Male,36,Manchester,09/11/2023,Yes
C0013,Female,35,Nottingham,14/04/2022,No
C0014,Female,40,Leeds,16/06/2022,No
C0015,Male,56,Birmingham,01/12/2023,Yes
C0016,Female,42,Liverpool,17/06/2022,Yes
C0017,Male,32,London,29/11/2022,No
C0018,Female,22,Leeds,15/02/2023,No
C0019,Female,43,Nottingham,06/08/2022,Yes
C0020,Male,33,Liverpool,29/09/2022,No
C0021,Female,41,Leeds,21/08/2023,Yes
C0022,Female,23,London,06/06/2023,Yes
C0023,Male,61,Sheffield,06/06/2022,Yes
C0024,Female,56,Nottingham,30/01/2023,No
C0025,Male,61,Manchester,21/07/2023,No
C0026,Female,25,Liverpool,19/10/2023,No
C0027,Female,18,Liverpool,11/06/2022,Yes
C0028,Male,58,Liverpool,04/06/2023,Yes
C0029,Female,28,London,06/06/2022,No
C0030,Male,25,Bristol,16/05/2023,No
C0031,Male,33,Manchester,03/09/2022,Yes
C0032,Male,52,Birmingham,13/05/2023,Yes
C0033,Female,53,Birmingham,07/11/2023,No
C0034,Female,31,Leeds,25/06/2023,No
C0035,Female,46,Nottingham,13/02/2023,Yes
C0036,Male,22,Bristol,11/09/2022,Yes
C0037,Male,55,Leeds,26/08/2023,Yes
C0038,Male,32,Manchester,14/03/2022,Yes
C0039,Male,50,Leeds,05/12/2022,No
C0040,Female,31,Birmingham,17/11/2023,No
C0041,Female,44,Leeds,06/09/2022,Yes
C0042,Female,40,Sheffield,10/04/2022,No
C0043,Male,61,Manchester,24/04/2023,Yes
C0044,Female,24,Leeds,17/02/2023,Yes
C0045,Female,26,Sheffield,14/07/2022,Yes
C0046,Female,33,Manchester,13/10/2022,No
C0047,Male,21,London,18/07/2023,Yes
C0048,Male,44,Nottingham,31/08/2022,No
C0049,Female,21,Birmingham,07/08/2022,No
C0050,Female,34,Nottingham,03/01/2022,No
C0051,Female,27,Leeds,10/03/2023,No
C0052,Male,55,London,11/08/2022,No
C0053,Male,55,Nottingham,28/02/2022,Yes
C0054,Male,29,Manchester,28/02/2022,Yes
C0055,Male,43,Manchester,23/11/2023,Yes
C0056,Male,57,Manchester,16/08/2023,No
C0057,Female,34,Leeds,05/11/2023,No
C0058,Female,43,Birmingham,02/09/2022,No
C0059,Female,22,London,14/04/2023,No
C0060,Male,22,Leeds,29/09/2023,No
C0061,Female,22,Leeds,16/05/2022,No
C0062,Male,46,Liverpool,19/10/2022,Yes
C0063,Female,60,Manchester,15/11/2023,Yes
C0064,Male,24,Birmingham,28/09/2022,No
C0065,Male,63,Bristol,16/10/2022,Yes
C0066,Female,50,Nottingham,12/10/2023,No
C0067,Male,58,Sheffield,22/02/2022,No
C0068,Male,39,Birmingham,15/02/2022,No
C0069,Female,53,Sheffield,15/06/2022,Yes
C0070,Male,62,Birmingham,25/04/2022,Yes
C0071,Male,45,Birmingham,14/01/2023,Yes
C0072,Female,20,Bristol,12/11/2022,Yes
C0073,Male,60,Manchester,30/11/2023,No
C0074,Female,57,Birmingham,28/07/2023,Yes
C0075,Male,44,London,16/06/2022,Yes
C0076,Female,60,Leeds,07/12/2022,No
C0077,Male,42,London,13/06/2022,No
C0078,Male,47,Bristol,16/08/2022,No
C0079,Male,19,Leeds,22/08/2022,No
C0080,Female,22,Liverpool,03/12/2022,No
C0081,Female,61,Bristol,19/10/2023,Yes
C0082,Female,29,Liverpool,29/04/2022,Yes
C0083,Female,40,Bristol,22/04/2022,No
C0084,Male,42,Leeds,13/09/2023,No
C0085,Female,18,Leeds,15/02/2022,No
C0086,Male,60,Bristol,18/03/2023,No
C0087,Male,64,Liverpool,11/11/2023,No
C0088,Female,38,Sheffield,14/11/2023,No
C0089,Male,30,Sheffield,22/07/2023,No
C0090,Male,57,Liverpool,25/11/2023,No
C0091,Male,37,Liverpool,16/07/2023,Yes
C0092,Female,47,Nottingham,17/03/2023,No
C0093,Male,50,Nottingham,23/11/2023,Yes
C0094,Male,36,Bristol,06/11/2023,Yes
C0095,Female,32,Leeds,29/08/2022,Yes
C0096,Male,33,Nottingham,26/01/2022,Yes
C0097,Female,58,Leeds,12/04/2023,No
C0098,Female,33,Birmingham,22/05/2023,Yes
C0099,Female,32,Birmingham,20/04/2022,No
C0100,Male,25,Nottingham,21/02/2022,Yes
C0101,Female,46,Sheffield,21/04/2023,No
C0102,Female,46,Liverpool,12/06/2022,Yes
C0103,Female,51,Nottingham,15/10/2023,Yes
C0104,Female,22,Liverpool,09/10/2022,Yes
C0105,Female,38,Manchester,06/10/2022,Yes
C0106,Male,42,Birmingham,04/06/2022,Yes
C0107,Female,44,Bristol,07/03/2022,No
C0108,Male,31,Sheffield,02/03/2023,No
C0109,Male,54,Sheffield,22/08/2023,No
C0110,Female,37,Sheffield,07/01/2022,No
C0111,Male,49,Leeds,06/07/2023,No
C0112,Female,19,Sheffield,23/03/2023,No
C0113,Female,64,Birmingham,16/11/2023,No
C0114,Male,43,London,11/05/2022,Yes
C0115,Female,26,Nottingham,21/10/2023,Yes
C0116,Female,42,Bristol,21/02/2022,Yes
C0117,Female,39,Sheffield,11/04/2023,No
C0118,Female,23,Nottingham,08/03/2023,Yes
C0119,Male,40,Leeds,07/07/2023,Yes
C0120,Male,19,Leeds,30/10/2023,Yes
C0121,Male,33,Birmingham,21/01/2022,No
C0122,Male,54,Leeds,17/11/2023,No
C0123,Female,28,Manchester,20/09/2022,Yes
C0124,Male,55,London,15/11/2022,No
C0125,Female,43,Leeds,13/08/2023,Yes
C0126,Male,24,Liverpool,30/08/2023,Yes
C0127,Male,40,Sheffield,03/08/2023,No
C0128,Female,18,Sheffield,12/03/2022,No
C0129,Female,41,Nottingham,19/04/2022,Yes
C0130,Male,64,Liverpool,22/03/2023,No
C0131,Female,64,Liverpool,22/04/2023,No
C0132,Male,35,Nottingham,09/09/2022,Yes
C0133,Female,39,London,21/04/2023,No
C0134,Male,49,Leeds,29/11/2022,No
C0135,Female,35,Liverpool,22/09/2022,Yes
C0136,Male,23,Leeds,14/06/2023,No
C0137,Male,62,Nottingham,16/05/2023,No
C0138,Male,23,Liverpool,04/04/2023,Yes
C0139,Male,37,Bristol,19/02/2023,No
C0140,Female,45,Bristol,21/07/2023,No
C0141,Female,37,Liverpool,10/04/2023,Yes
C0142,Male,38,Manchester,04/05/2022,Yes
C0143,Male,65,Nottingham,16/07/2022,No
C0144,Female,24,Leeds,27/08/2023,No
C0145,Female,29,Liverpool,21/08/2022,Yes
C0146,Male,35,London,01/07/2023,Yes
C0147,Female,62,Birmingham,21/07/2023,No
C0148,Male,54,Liverpool,16/04/2022,No
C0149,Female,39,Birmingham,06/05/2023,Yes
C0150,Female,25,Manchester,16/09/2022,No
C0151,Male,54,London,19/05/2023,Yes
C0152,Female,23,Leeds,02/06/2022,Yes
C0153,Female,56,Leeds,26/07/2023,No
C0154,Female,37,Sheffield,07/04/2023,No
C0155,Male,57,Manchester,06/08/2023,Yes
C0156,Male,34,Manchester,03/10/2023,Yes
C0157,Male,53,Manchester,03/09/2022,Yes
C0158,Female,46,Nottingham,03/01/2022,No
C0159,Male,36,Liverpool,03/02/2022,No
C0160,Male,34,Leeds,14/03/2022,No
C0161,Male,59,Birmingham,28/04/2022,No
C0162,Male,21,Birmingham,26/05/2022,No
C0163,Female,46,Manchester,02/09/2023,No
C0164,Female,35,Nottingham,08/11/2022,No
C0165,Male,45,Bristol,24/03/2022,No
C0166,Male,32,London,27/01/2022,No
C0167,Male,29,Nottingham,14/08/2023,No
C0168,Male,55,Sheffield,12/10/2022,No
C0169,Female,40,Sheffield,04/04/2022,No
C0170,Male,28,Bristol,25/11/2022,No
C0171,Female,60,Sheffield,23/05/2023,Yes
C0172,Male,38,Liverpool,11/04/2023,No
C0173,Female,50,London,29/04/2022,No
C0174,Male,30,Bristol,28/02/2023,No
C0175,Female,21,Leeds,03/10/2023,No
C0176,Male,36,Nottingham,17/07/2023,No
C0177,Male,58,Leeds,05/05/2022,Yes
C0178,Male,53,Sheffield,15/11/2022,Yes
C0179,Male,47,Manchester,19/08/2022,Yes
C0180,Female,50,Liverpool,26/05/2023,No
C0181,Female,33,Nottingham,10/05/2023,Yes
C0182,Male,56,Birmingham,28/01/2023,Yes
C0183,Female,39,Liverpool,10/10/2022,Yes
C0184,Female,55,Nottingham,17/10/2022,Yes
C0185,Female,40,Bristol,03/04/2023,No
C0186,Female,30,Leeds,12/04/2023,No
C0187,Female,20,Bristol,28/08/2022,No
C0188,Female,60,Birmingham,26/01/2023,No
C0189,Male,50,Bristol,07/02/2022,Yes
C0190,Male,51,Nottingham,27/03/2023,Yes
C0191,Female,59,Birmingham,28/05/2022,Yes
C0192,Female,39,Sheffield,26/04/2023,Yes
C0193,Female,38,Nottingham,03/12/2022,Yes
C0194,Male,33,Liverpool,25/09/2023,Yes
C0195,Female,24,Manchester,03/04/2022,No
C0196,Female,19,London,20/06/2022,No
C0197,Female,40,Bristol,27/02/2022,No
C0198,Male,51,Sheffield,30/05/2022,Yes
C0199,Male,23,Sheffield,24/06/2022,Yes
C0200,Male,32,Nottingham,25/05/2023,No
C0201,Female,60,London,16/04/2023,No
C0202,Male,22,Nottingham,22/10/2022,No
C0203,Female,58,Sheffield,25/08/2023,No
C0204,Female,30,Sheffield,13/04/2023,No
C0205,Male,42,Bristol,20/04/2022,No
C0206,Male,60,Sheffield,30/10/2022,No
C0207,Male,56,Nottingham,09/01/2022,No
C0208,Female,32,Leeds,24/08/2022,No
C0209,Male,58,Manchester,26/11/2023,Yes
C0210,Female,20,Bristol,13/11/2022,Yes
C0211,Female,38,Sheffield,03/04/2022,Yes
C0212,Male,52,Bristol,25/07/2022,No
C0213,Female,48,Liverpool,18/06/2022,No
C0214,Female,22,Birmingham,28/04/2022,Yes
C0215,Female,53,Bristol,24/11/2023,Yes
C0216,Male,34,Manchester,09/02/2023,No
C0217,Female,55,Sheffield,13/01/2023,No
C0218,Male,48,London,21/04/2022,No
C0219,Male,59,Manchester,17/09/2023,No
C0220,Female,25,Birmingham,06/11/2022,Yes
C0221,Female,49,Manchester,08/02/2022,Yes
C0222,Male,42,Nottingham,29/08/2022,No
C0223,Female,55,Birmingham,18/11/2023,No
C0224,Male,49,Sheffield,02/11/2023,No
C0225,Female,31,Nottingham,03/02/2022,No
C0226,Female,24,Bristol,30/08/2022,No
C0227,Female,35,Leeds,04/03/2022,Yes
C0228,Male,60,Leeds,11/04/2023,Yes
C0229,Female,33,Birmingham,21/02/2022,Yes
C0230,Male,55,Leeds,12/03/2022,Yes
C0231,Male,56,London,03/12/2022,No
C0232,Male,52,Liverpool,29/05/2022,Yes
C0233,Male,26,London,23/04/2022,No
C0234,Female,19,Birmingham,01/09/2022,No
C0235,Male,65,Sheffield,23/02/2022,Yes
C0236,Female,46,Bristol,07/03/2022,Yes
C0237,Male,57,London,08/04/2023,No
C0238,Male,21,Nottingham,15/04/2023,No
C0239,Male,49,Nottingham,13/03/2023,Yes
C0240,Female,56,Birmingham,24/03/2022,Yes
C0241,Female,57,Bristol,10/05/2022,No
C0242,Female,47,Sheffield,04/09/2023,Yes
C0243,Male,45,Nottingham,28/04/2022,Yes
C0244,Female,47,Sheffield,28/02/2023,No
C0245,Female,45,Bristol,08/04/2022,No
C0246,Male,61,Nottingham,19/01/2023,Yes
C0247,Male,23,Sheffield,04/04/2022,Yes
C0248,Male,53,London,17/01/2023,No
C0249,Male,44,Bristol,18/11/2023,No
C0250,Female,56,Liverpool,22/02/2022,No
C0251,Male,27,Nottingham,17/04/2022,Yes
C0252,Female,53,Bristol,21/04/2022,Yes
C0253,Male,45,London,13/10/2022,No
C0254,Male,35,Liverpool,30/01/2022,No
C0255,Male,29,Birmingham,26/12/2022,No
C0256,Male,65,London,13/03/2022,Yes
C0257,Male,42,Sheffield,28/06/2023,No
C0258,Male,41,Liverpool,16/12/2022,No
C0259,Male,21,Birmingham,05/08/2023,Yes
C0260,Male,61,Manchester,25/09/2023,No
C0261,Female,49,Nottingham,30/03/2023,No
C0262,Male,50,Manchester,07/10/2022,No
C0263,Male,36,Nottingham,17/03/2023,No
C0264,Male,43,London,16/02/2022,Yes
C0265,Female,31,Birmingham,29/07/2022,No
C0266,Female,25,London,24/10/2022,No
C0267,Male,26,Sheffield,17/03/2023,Yes
C0268,Female,22,Sheffield,28/05/2023,Yes
C0269,Male,47,Manchester,23/03/2023,No
C0270,Female,54,Sheffield,13/08/2023,No
C0271,Male,43,London,24/10/2022,No
C0272,Female,62,Bristol,25/06/2022,Yes
C0273,Male,33,Sheffield,24/03/2023,No
C0274,Male,43,Liverpool,21/06/2023,No
C0275,Female,28,Manchester,15/08/2022,Yes
C0276,Male,40,Bristol,28/06/2023,Yes
C0277,Male,27,Liverpool,30/08/2022,Yes
C0278,Male,59,Manchester,27/06/2022,Yes
C0279,Female,47,Nottingham,06/10/2023,No
C0280,Female,27,Nottingham,05/10/2023,Yes
C0281,Female,58,Liverpool,26/04/2023,No
C0282,Male,40,Manchester,29/08/2023,No
C0283,Female,20,London,18/04/2023,No
C0284,Male,59,Manchester,21/10/2022,No
C0285,Male,46,Leeds,19/04/2023,No
C0286,Female,50,Birmingham,12/09/2023,Yes
C0287,Male,39,Manchester,07/04/2023,Yes
C0288,Male,63,Nottingham,10/02/2022,No
C0289,Male,41,Bristol,21/06/2023,No
C0290,Female,39,London,01/02/2023,No
C0291,Female,24,Sheffield,09/03/2022,No
C0292,Male,39,Manchester,16/09/2022,Yes
C0293,Female,59,Sheffield,25/12/2022,Yes
C0294,Male,37,Sheffield,02/09/2023,No
C0295,Male,59,Sheffield,11/05/2022,No
C0296,Female,37,Birmingham,19/01/2022,Yes
C0297,Female,30,Leeds,16/12/2022,Yes
C0298,Male,36,Manchester,08/06/2022,Yes
C0299,Female,57,Birmingham,09/11/2023,No
C0300,Male,29,Birmingham,07/06/2022,No
C0301,Female,41,Leeds,14/02/2022,No
C0302,Female,65,Nottingham,18/09/2023,Yes
C0303,Male,37,Nottingham,01/07/2023,Yes
C0304,Female,47,Liverpool,12/01/2023,No
C0305,Female,28,Leeds,30/05/2023,Yes
C0306,Male,59,Nottingham,14/09/2022,No
C0307,Male,63,Manchester,22/07/2023,No
C0308,Male,35,Nottingham,27/03/2022,Yes
C0309,Male,32,Nottingham,24/03/2023,No
C0310,Female,21,Sheffield,28/01/2022,No
C0311,Female,23,Bristol,30/08/2022,Yes
C0312,Female,24,Bristol,29/01/2022,Yes
C0313,Male,36,Nottingham,21/05/2022,Yes
C0314,Female,57,London,26/04/2023,Yes
C0315,Female,31,Birmingham,20/01/2022,No
C0316,Female,33,Liverpool,24/04/2022,Yes
C0317,Male,44,Nottingham,18/02/2022,Yes
C0318,Female,56,London,24/04/2022,Yes
C0319,Female,45,London,28/05/2022,No
C0320,Female,29,Manchester,04/09/2022,No
C0321,Male,42,Nottingham,11/03/2022,Yes
C0322,Female,41,Liverpool,13/10/2023,Yes
C0323,Male,40,Leeds,01/01/2023,Yes
C0324,Female,26,London,19/08/2023,No
C0325,Female,59,Birmingham,14/07/2023,No
C0326,Male,26,Manchester,06/05/2023,No
C0327,Female,30,London,07/02/2022,Yes
C0328,Female,37,Sheffield,12/02/2022,No
C0329,Male,59,Leeds,17/09/2022,No
C0330,Male,59,Bristol,01/01/2023,No
C0331,Female,45,Sheffield,08/05/2022,No
C0332,Female,29,Nottingham,31/01/2023,No
C0333,Female,23,Sheffield,12/01/2023,Yes
C0334,Male,52,Liverpool,17/03/2023,No
C0335,Male,38,Liverpool,16/04/2022,No
C0336,Female,28,Nottingham,02/04/2023,No
C0337,Male,64,Bristol,03/04/2023,No
C0338,Male,22,Sheffield,09/10/2022,No
C0339,Male,19,Birmingham,10/06/2023,No
C0340,Male,22,Leeds,05/02/2022,No
C0341,Female,54,London,06/01/2023,Yes
C0342,Female,41,Bristol,27/11/2023,No
C0343,Male,51,Bristol,20/03/2022,No
C0344,Female,33,Manchester,18/11/2022,Yes
C0345,Female,51,Sheffield,10/07/2022,Yes
C0346,Female,63,Nottingham,26/09/2022,Yes
C0347,Female,62,Nottingham,19/09/2023,Yes
C0348,Male,22,Nottingham,06/05/2022,Yes
C0349,Male,61,Bristol,01/04/2023,No
C0350,Female,37,Birmingham,08/03/2022,Yes
C0351,Male,25,Leeds,06/01/2023,Yes
C0352,Female,19,Bristol,31/08/2022,No
C0353,Male,57,Manchester,24/04/2023,Yes
C0354,Female,63,Nottingham,13/11/2022,No
C0355,Male,26,Bristol,24/02/2023,Yes
C0356,Female,61,Bristol,06/04/2023,Yes
C0357,Male,26,Sheffield,19/07/2023,Yes
C0358,Male,37,Birmingham,08/05/2022,Yes
C0359,Male,40,Liverpool,27/11/2022,Yes
C0360,Male,58,Liverpool,14/09/2022,Yes
C0361,Female,57,Manchester,03/10/2023,Yes
C0362,Male,28,Bristol,30/08/2023,Yes
C0363,Male,20,Liverpool,30/01/2022,Yes
C0364,Female,57,London,09/08/2023,No
C0365,Female,59,Liverpool,05/10/2023,No
C0366,Female,37,Nottingham,08/09/2022,Yes
C0367,Male,46,Sheffield,03/03/2022,No
C0368,Male,39,Birmingham,21/04/2023,No
C0369,Female,43,Birmingham,23/11/2022,No
C0370,Male,38,Leeds,12/06/2023,No
C0371,Female,46,Leeds,06/05/2022,Yes
C0372,Male,36,Sheffield,10/04/2022,No
C0373,Male,38,Bristol,12/09/2022,Yes
C0374,Female,50,Nottingham,13/06/2022,No
C0375,Female,19,Manchester,12/11/2022,No
C0376,Female,33,Leeds,02/06/2023,No
C0377,Male,36,Nottingham,19/02/2022,No
C0378,Male,24,Sheffield,20/10/2022,Yes
C0379,Female,43,Bristol,28/09/2022,Yes
C0380,Male,54,Leeds,15/02/2023,No
C0381,Female,22,Sheffield,21/07/2023,No
C0382,Female,57,Manchester,18/07/2023,Yes
C0383,Female,41,Bristol,10/04/2022,No
C0384,Male,56,Sheffield,28/05/2022,Yes
C0385,Male,26,Bristol,16/02/2022,No
C0386,Female,27,Birmingham,16/06/2023,No
C0387,Female,28,Sheffield,20/09/2023,No
C0388,Female,50,Nottingham,31/08/2023,No
C0389,Male,41,Bristol,02/05/2023,Yes
C0390,Female,64,London,03/03/2023,No
C0391,Male,64,London,29/09/2022,No
C0392,Female,27,Leeds,24/06/2022,Yes
C0393,Male,30,London,10/08/2023,No
C0394,Female,27,Sheffield,18/11/2022,Yes
C0395,Female,65,London,25/02/2023,Yes
C0396,Male,53,Bristol,16/06/2023,No
C0397,Female,38,Birmingham,23/06/2023,No
C0398,Female,52,Bristol,30/06/2023,No
C0399,Female,30,Leeds,17/09/2023,No
C0400,Female,32,Liverpool,26/07/2023,No
C0401,Female,38,Nottingham,01/08/2022,No
C0402,Female,36,Manchester,28/07/2023,No
C0403,Female,27,Liverpool,09/02/2023,Yes
C0404,Male,40,Nottingham,22/10/2022,No
C0405,Male,30,Liverpool,06/05/2023,No
C0406,Male,57,Leeds,21/05/2022,Yes
C0407,Male,58,Leeds,21/02/2022,Yes
C0408,Female,39,Nottingham,13/04/2022,Yes
C0409,Male,18,Birmingham,29/11/2023,No
C0410,Female,48,Leeds,31/10/2023,No
C0411,Female,59,London,25/11/2022,Yes
C0412,Male,52,London,30/10/2023,Yes
C0413,Male,20,Sheffield,04/03/2023,No
C0414,Female,20,London,10/07/2022,No
C0415,Male,39,Liverpool,05/08/2023,No
C0416,Female,26,Nottingham,19/10/2023,No
C0417,Male,39,Birmingham,17/07/2022,No
C0418,Female,63,Birmingham,26/10/2023,Yes
C0419,Female,54,Leeds,12/12/2022,Yes
C0420,Female,45,Bristol,18/09/2023,Yes
C0421,Male,29,Birmingham,15/02/2023,No
C0422,Male,18,Liverpool,28/11/2022,No
C0423,Female,35,Bristol,30/08/2022,No
C0424,Male,34,Bristol,20/08/2023,Yes
C0425,Male,47,Liverpool,05/03/2022,Yes
C0426,Female,62,Manchester,20/02/2023,No
C0427,Male,32,Birmingham,12/01/2023,No
C0428,Female,65,Bristol,06/06/2022,No
C0429,Female,52,Leeds,17/07/2023,Yes
C0430,Male,51,Nottingham,28/11/2023,No
C0431,Male,21,Leeds,21/03/2022,Yes
C0432,Female,51,Nottingham,18/06/2022,Yes
C0433,Male,63,Nottingham,28/11/2023,Yes
C0434,Female,21,Nottingham,07/06/2023,Yes
C0435,Female,47,London,10/06/2023,No
C0436,Female,64,London,20/11/2023,No
C0437,Male,65,Leeds,18/09/2022,Yes
C0438,Female,40,Manchester,16/02/2022,Yes
C0439,Female,20,Liverpool,12/03/2022,No
C0440,Male,59,Sheffield,04/07/2022,No
C0441,Female,42,Sheffield,27/01/2023,Yes
C0442,Male,59,Bristol,01/12/2023,Yes
C0443,Female,51,Birmingham,02/07/2022,Yes
C0444,Male,37,Nottingham,04/01/2022,No
C0445,Female,32,Leeds,29/06/2023,No
C0446,Male,35,Leeds,21/12/2022,Yes
C0447,Female,57,London,02/02/2022,Yes
C0448,Male,24,London,31/07/2022,No
C0449,Male,33,London,05/09/2023,No
C0450,Male,52,Leeds,26/03/2023,Yes
C0451,Female,32,Bristol,24/05/2022,No
C0452,Female,27,Leeds,31/08/2022,No
C0453,Female,21,Birmingham,04/11/2022,No
C0454,Female,21,Bristol,24/07/2023,No
C0455,Female,62,Sheffield,22/06/2023,No
C0456,Female,42,Birmingham,02/06/2022,No
C0457,Male,37,Birmingham,04/09/2022,No
C0458,Female,44,Birmingham,01/03/2022,No
C0459,Female,31,Bristol,06/09/2022,Yes
C0460,Female,23,Leeds,06/04/2023,Yes
C0461,Female,61,London,02/10/2022,Yes
C0462,Male,48,Leeds,12/07/2022,No
C0463,Male,31,Leeds,07/11/2022,Yes
C0464,Male,62,Leeds,06/05/2023,No
C0465,Female,36,Sheffield,03/09/2022,No
C0466,Female,37,Liverpool,01/07/2023,No
C0467,Female,47,Manchester,10/06/2023,No
C0468,Male,41,Bristol,24/11/2022,No
C0469,Male,65,Birmingham,16/02/2022,Yes
C0470,Female,36,Birmingham,25/09/2022,Yes
C0471,Male,42,Leeds,04/12/2022,No
C0472,Female,34,Nottingham,18/07/2023,No
C0473,Male,64,Bristol,17/04/2023,Yes
C0474,Female,29,London,24/05/2022,Yes
C0475,Male,18,Sheffield,18/03/2022,Yes
C0476,Male,22,Birmingham,08/10/2023,Yes
C0477,Female,41,London,12/08/2022,No
C0478,Female,19,London,07/11/2023,No
C0479,Male,51,Liverpool,13/01/2022,No
C0480,Female,29,Manchester,18/01/2022,Yes
C0481,Male,33,Leeds,21/06/2023,No
C0482,Female,43,Manchester,29/12/2022,No
C0483,Female,54,Leeds,20/02/2023,Yes
C0484,Male,59,London,04/11/2022,Yes
C0485,Female,42,Nottingham,20/02/2023,Yes
C0486,Male,62,Birmingham,15/10/2023,Yes
C0487,Female,59,Bristol,27/05/2023,Yes
C0488,Male,32,Leeds,25/06/2023,No
C0489,Male,22,Liverpool,05/10/2022,Yes
C0490,Female,19,Leeds,03/07/2022,Yes
C0491,Male,37,Birmingham,12/02/2023,Yes
C0492,Female,61,Bristol,04/08/2023,No
C0493,Male,50,Bristol,24/05/2022,Yes
C0494,Female,32,Manchester,11/04/2022,No
C0495,Female,38,London,12/09/2023,No
C0496,Female,32,Bristol,07/04/2023,No
C0497,Male,61,Sheffield,19/03/2023,Yes
C0498,Female,33,Manchester,26/09/2023,Yes
C0499,Male,42,Birmingham,02/10/2022,No
C0500,Female,24,Manchester,21/11/2022,Yes
C0501,Female,41,Liverpool,12/11/2022,Yes
C0502,Male,29,Sheffield,16/05/2022,No
C0503,Female,24,London,25/07/2023,Yes
C0504,Male,56,Bristol,29/12/2022,No
C0505,Female,44,Sheffield,13/01/2022,Yes
C0506,Male,54,Birmingham,27/07/2023,No
C0507,Male,35,Liverpool,23/06/2022,No
C0508,Male,22,Birmingham,20/05/2023,No
C0509,Female,37,Nottingham,10/10/2022,Yes
C0510,Female,33,Nottingham,05/01/2023,Yes
C0511,Male,26,Liverpool,14/04/2023,Yes
C0512,Female,57,Sheffield,10/02/2023,No
C0513,Female,45,Birmingham,27/03/2023,No
C0514,Male,48,Bristol,25/11/2022,Yes
C0515,Female,36,Nottingham,12/02/2023,Yes
C0516,Female,35,Sheffield,30/11/2022,No
C0517,Male,55,Birmingham,27/04/2022,Yes
C0518,Male,46,Liverpool,18/04/2023,Yes
C0519,Female,26,Liverpool,23/02/2023,Yes
C0520,Male,63,Sheffield,16/09/2022,No
C0521,Female,56,Nottingham,17/03/2022,No
C0522,Female,52,London,02/07/2023,No
C0523,Male,24,Leeds,04/07/2023,No
C0524,Male,54,Sheffield,20/06/2022,No
C0525,Male,18,Manchester,17/03/2023,No
C0526,Male,46,Bristol,16/08/2022,No
C0527,Male,40,London,20/04/2023,No
C0528,Female,44,Manchester,18/04/2022,Yes
C0529,Female,37,Bristol,26/05/2022,No
C0530,Female,40,Nottingham,31/07/2022,Yes
C0531,Female,38,Manchester,25/03/2023,No
C0532,Male,19,Bristol,15/02/2022,Yes
C0533,Male,65,Leeds,25/11/2023,Yes
C0534,Male,39,Sheffield,20/07/2023,No
C0535,Female,58,Birmingham,26/08/2022,Yes
C0536,Female,43,London,18/10/2023,Yes
C0537,Female,42,London,06/04/2023,Yes
C0538,Female,63,Manchester,30/07/2022,Yes
C0539,Male,41,Bristol,04/07/2023,Yes
C0540,Male,34,Nottingham,14/04/2023,No
C0541,Female,57,Sheffield,04/09/2023,Yes
C0542,Female,47,Birmingham,23/12/2022,No
C0543,Male,61,Birmingham,22/09/2023,No
C0544,Male,37,Manchester,01/05/2022,Yes
C0545,Male,50,Sheffield,18/01/2023,No
C0546,Male,54,Sheffield,03/09/2023,No
C0547,Female,58,Birmingham,10/07/2022,Yes
C0548,Female,26,Birmingham,17/05/2023,No
C0549,Male,40,London,07/04/2023,No
C0550,Male,42,Nottingham,20/05/2022,No
C0551,Female,63,Nottingham,19/05/2023,No
C0552,Male,54,London,21/06/2022,Yes
C0553,Male,35,Leeds,27/10/2022,No
C0554,Female,54,Nottingham,22/06/2022,Yes
C0555,Male,35,Bristol,10/08/2023,Yes
C0556,Male,45,Manchester,28/03/2023,Yes
C0557,Male,46,Liverpool,01/11/2022,No
C0558,Female,25,Leeds,31/03/2022,Yes
C0559,Female,63,Sheffield,26/08/2023,Yes
C0560,Male,31,Leeds,23/09/2023,Yes
C0561,Female,52,Liverpool,07/08/2023,Yes
C0562,Female,36,Liverpool,28/11/2022,Yes
C0563,Female,21,Liverpool,19/05/2022,Yes
C0564,Male,27,Bristol,16/05/2022,Yes
C0565,Female,49,Birmingham,24/11/2023,No
C0566,Female,42,Nottingham,05/10/2023,Yes
C0567,Male,43,Liverpool,11/10/2023,No
C0568,Female,38,London,11/04/2023,Yes
C0569,Female,22,Sheffield,15/04/2023,Yes
C0570,Male,49,Liverpool,16/03/2023,No
C0571,Female,53,Birmingham,18/10/2022,No
C0572,Male,20,Manchester,18/12/2022,No
C0573,Male,28,Nottingham,17/01/2022,No
C0574,Female,30,Birmingham,01/01/2022,No
C0575,Female,23,Bristol,12/06/2022,No
C0576,Female,60,Birmingham,26/03/2022,Yes
C0577,Female,64,Leeds,10/02/2023,No
C0578,Male,63,Manchester,03/11/2023,Yes
C0579,Female,22,Birmingham,07/08/2022,Yes
C0580,Female,18,London,16/06/2023,No
C0581,Female,62,Birmingham,04/05/2022,No
C0582,Male,42,Manchester,14/03/2022,Yes
C0583,Female,41,Liverpool,16/04/2022,Yes
C0584,Male,59,Birmingham,27/01/2023,Yes
C0585,Male,57,Birmingham,28/06/2023,No
C0586,Male,58,Birmingham,26/12/2022,No
C0587,Female,31,Manchester,23/09/2023,Yes
C0588,Male,55,Sheffield,24/05/2022,No
C0589,Female,26,Leeds,16/03/2023,No
C0590,Male,33,Liverpool,23/10/2023,Yes
C0591,Female,31,Leeds,06/11/2023,No
C0592,Male,33,Nottingham,30/10/2022,No
C0593,Male,49,Manchester,26/04/2022,Yes
C0594,Female,26,Sheffield,05/01/2023,No
C0595,Male,48,Manchester,10/01/2023,Yes
C0596,Male,18,Liverpool,25/08/2023,Yes
C0597,Male,43,Liverpool,10/02/2022,No
C0598,Female,23,Birmingham,10/03/2023,No
C0599,Female,23,Leeds,27/03/2022,Yes
C0600,Female,43,Manchester,04/07/2023,No
C0601,Male,21,Leeds,24/03/2023,Yes
C0602,Male,47,London,21/03/2023,No
C0603,Male,25,London,14/11/2023,Yes
C0604,Male,49,Bristol,12/01/2022,No
C0605,Female,26,Liverpool,20/06/2022,Yes
C0606,Female,45,Liverpool,31/01/2022,Yes
C0607,Male,49,Nottingham,27/09/2022,No
C0608,Female,54,Birmingham,26/02/2022,No
C0609,Female,24,Manchester,11/06/2022,Yes
C0610,Male,20,London,06/06/2023,Yes
C0611,Female,41,Sheffield,17/02/2022,Yes
C0612,Male,53,Sheffield,03/07/2022,Yes
C0613,Male,44,Bristol,26/11/2022,No
C0614,Female,25,London,21/03/2022,Yes
C0615,Male,43,Manchester,17/08/2022,No
C0616,Female,38,Manchester,17/10/2022,No
C0617,Female,30,Liverpool,09/01/2022,No
C0618,Male,47,Bristol,30/09/2023,No
C0619,Male,27,London,20/07/2022,No
C0620,Male,52,Bristol,25/01/2022,Yes
C0621,Male,60,Sheffield,10/12/2022,No
C0622,Male,51,Leeds,17/04/2022,No
C0623,Male,27,Liverpool,19/05/2023,Yes
C0624,Male,51,Sheffield,14/02/2022,No
C0625,Male,55,Manchester,15/04/2023,Yes
C0626,Female,22,London,15/10/2023,No
C0627,Male,33,Liverpool,10/11/2023,No
C0628,Female,62,Bristol,19/11/2022,No
C0629,Female,32,Manchester,09/04/2023,Yes
C0630,Male,27,Manchester,20/05/2022,Yes
C0631,Female,38,Sheffield,06/04/2023,Yes
C0632,Female,31,Nottingham,03/07/2023,No
C0633,Female,25,Manchester,20/04/2023,Yes
C0634,Male,31,Bristol,08/11/2022,Yes
C0635,Male,40,Sheffield,04/04/2022,Yes
C0636,Female,34,Birmingham,25/11/2023,Yes
C0637,Female,53,Leeds,19/02/2023,Yes
C0638,Male,26,Manchester,19/04/2023,Yes
C0639,Male,26,Leeds,05/03/2022,No
C0640,Male,55,Liverpool,17/01/2023,Yes
C0641,Male,30,Nottingham,23/01/2022,Yes
C0642,Female,25,London,05/04/2022,No
C0643,Male,54,Sheffield,21/02/2022,No
C0644,Male,42,Sheffield,24/05/2023,Yes
C0645,Male,29,Liverpool,29/12/2022,No
C0646,Male,20,Leeds,02/04/2023,No
C0647,Female,53,Nottingham,26/05/2023,Yes
C0648,Female,42,Birmingham,31/03/2022,No
C0649,Male,58,London,24/07/2022,No
C0650,Female,52,Nottingham,03/01/2023,No
C0651,Female,42,Liverpool,03/08/2023,Yes
C0652,Female,56,Leeds,27/01/2022,Yes
C0653,Male,48,Bristol,15/10/2022,Yes
C0654,Male,33,Leeds,13/06/2022,No
C0655,Male,32,Sheffield,01/07/2023,No
C0656,Male,33,Bristol,27/06/2022,No
C0657,Male,63,Bristol,29/08/2023,Yes
C0658,Male,49,Liverpool,31/07/2023,Yes
C0659,Male,23,London,18/05/2023,Yes
C0660,Male,19,Nottingham,09/09/2023,Yes
C0661,Male,26,Bristol,06/12/2022,Yes
C0662,Male,19,Birmingham,28/11/2022,Yes
C0663,Female,22,Bristol,24/04/2022,No
C0664,Male,39,Liverpool,24/08/2023,No
C0665,Male,64,Sheffield,20/05/2022,No
C0666,Female,29,Bristol,27/10/2023,Yes
C0667,Male,42,Liverpool,13/11/2023,No
C0668,Male,64,London,11/05/2022,No
C0669,Male,29,Bristol,05/08/2023,Yes
C0670,Male,49,Birmingham,17/10/2023,No
C0671,Male,40,Bristol,21/03/2022,Yes
C0672,Male,63,Bristol,14/10/2023,No
C0673,Female,31,Leeds,12/01/2022,Yes
C0674,Female,24,London,25/12/2022,Yes
C0675,Female,64,Sheffield,31/01/2023,Yes
C0676,Female,42,Bristol,28/02/2023,No
C0677,Female,54,Leeds,14/04/2022,Yes
C0678,Male,20,Liverpool,08/04/2023,Yes
C0679,Female,24,Manchester,23/11/2022,No
C0680,Female,28,Manchester,24/06/2022,Yes
C0681,Female,63,London,13/12/2022,No
C0682,Male,56,Sheffield,01/11/2023,Yes
C0683,Male,39,Leeds,24/02/2022,Yes
C0684,Female,60,Liverpool,24/02/2023,No
C0685,Male,21,Sheffield,01/09/2022,No
C0686,Male,41,London,07/06/2022,No
C0687,Female,60,Nottingham,31/03/2022,Yes
C0688,Male,31,Birmingham,10/04/2022,No
C0689,Female,25,Liverpool,25/03/2022,No
C0690,Female,60,Liverpool,28/04/2023,Yes
C0691,Female,29,Bristol,20/10/2023,No
C0692,Male,46,London,14/01/2023,No
C0693,Female,34,Leeds,27/03/2023,No
C0694,Male,27,Manchester,01/08/2023,Yes
C0695,Female,52,Sheffield,16/11/2023,Yes
C0696,Male,42,Sheffield,21/07/2023,No
C0697,Male,48,Liverpool,10/08/2023,Yes
C0698,Male,50,Birmingham,09/02/2023,Yes
C0699,Male,28,Leeds,05/04/2023,Yes
C0700,Male,45,Manchester,10/05/2022,No
C0701,Male,56,Liverpool,26/07/2022,No
C0702,Male,42,Sheffield,10/03/2022,No
C0703,Female,18,Sheffield,10/10/2022,Yes
C0704,Male,27,Manchester,01/03/2023,Yes
C0705,Male,36,Bristol,31/07/2023,No
C0706,Female,59,Nottingham,28/09/2022,No
C0707,Male,35,Sheffield,08/02/2022,Yes
C0708,Female,20,Sheffield,26/09/2023,No
C0709,Male,65,Nottingham,01/09/2022,No
C0710,Male,39,Liverpool,17/01/2023,No
C0711,Female,62,Manchester,15/10/2022,Yes
C0712,Female,65,Nottingham,18/05/2022,No
C0713,Female,56,Manchester,03/10/2022,Yes
C0714,Male,44,Nottingham,29/03/2023,No
C0715,Male,22,Liverpool,27/02/2022,No
C0716,Male,29,Leeds,19/05/2022,Yes
C0717,Male,20,Nottingham,01/03/2022,Yes
C0718,Male,35,Bristol,05/01/2023,No
C0719,Female,58,Manchester,02/06/2023,Yes
C0720,Female,49,Nottingham,05/09/2022,Yes
C0721,Female,40,Birmingham,01/05/2023,No
C0722,Female,19,Sheffield,03/04/2022,Yes
C0723,Male,32,Leeds,16/06/2022,Yes
C0724,Female,50,London,03/10/2022,Yes
C0725,Male,59,Birmingham,01/05/2023,Yes
C0726,Female,56,Liverpool,18/08/2022,No
C0727,Female,40,Nottingham,10/03/2023,No
C0728,Female,37,Sheffield,12/08/2022,Yes
C0729,Female,53,Liverpool,08/01/2022,No
C0730,Male,48,Manchester,02/12/2023,No
C0731,Female,35,Liverpool,11/10/2022,No
C0732,Male,51,Leeds,12/07/2022,Yes
C0733,Female,60,Bristol,07/09/2023,Yes
C0734,Female,36,Liverpool,27/01/2022,No
C0735,Female,65,London,19/02/2023,Yes
C0736,Male,61,Nottingham,18/12/2022,No
C0737,Female,28,Birmingham,04/06/2023,No
C0738,Female,26,Liverpool,10/04/2022,Yes
C0739,Female,59,Manchester,28/11/2023,Yes
C0740,Male,65,Liverpool,30/12/2022,No
C0741,Female,34,Liverpool,06/12/2022,No
C0742,Female,21,Manchester,01/05/2022,No
C0743,Male,61,Sheffield,19/07/2022,No
C0744,Male,27,Birmingham,28/02/2023,Yes
C0745,Female,54,Nottingham,17/12/2022,Yes
C0746,Male,23,Nottingham,20/11/2022,No
C0747,Male,38,London,09/10/2023,Yes
C0748,Female,31,Birmingham,08/04/2023,Yes
C0749,Male,26,Sheffield,17/05/2023,No
C0750,Female,48,Sheffield,18/02/2023,Yes
C0751,Male,64,Bristol,08/02/2022,Yes
C0752,Male,19,London,26/11/2022,Yes
C0753,Female,37,Birmingham,20/08/2022,Yes
C0754,Female,28,Manchester,28/01/2023,Yes
C0755,Female,47,Bristol,02/11/2022,No
C0756,Female,49,Bristol,18/05/2022,Yes
C0757,Female,19,Leeds,18/06/2022,Yes
C0758,Male,64,London,15/05/2022,Yes
C0759,Female,63,London,07/05/2022,No
C0760,Female,52,London,18/10/2023,Yes
C0761,Male,59,London,09/11/2023,Yes
C0762,Female,46,Sheffield,29/04/2022,Yes
C0763,Female,48,Birmingham,15/07/2023,Yes
C0764,Male,37,Sheffield,08/10/2023,Yes
C0765,Female,57,Birmingham,10/11/2023,No
C0766,Male,36,Manchester,18/04/2022,Yes
C0767,Male,56,Leeds,25/05/2023,No
C0768,Male,40,Sheffield,20/06/2023,No
C0769,Male,53,Nottingham,14/06/2022,Yes
C0770,Female,33,London,08/05/2023,Yes
C0771,Male,25,Nottingham,19/11/2023,Yes
C0772,Male,64,Manchester,03/04/2022,No
C0773,Male,47,Liverpool,22/10/2023,No
C0774,Male,24,Birmingham,21/04/2023,Yes
C0775,Female,61,Bristol,25/10/2022,No
C0776,Male,20,London,29/04/2022,Yes
C0777,Male,39,Bristol,11/11/2023,No
C0778,Female,64,Manchester,29/09/2023,No
C0779,Male,25,Sheffield,17/12/2022,No
C0780,Female,42,Nottingham,13/04/2023,No
C0781,Male,25,Birmingham,27/10/2023,Yes
C0782,Male,44,Nottingham,13/06/2022,No
C0783,Female,40,London,05/07/2022,Yes
C0784,Female,25,Sheffield,10/05/2023,No
C0785,Male,34,Bristol,17/02/2022,Yes
C0786,Male,60,Bristol,26/11/2023,Yes
C0787,Male,48,Bristol,20/03/2023,No
C0788,Male,18,Birmingham,02/06/2022,No
C0789,Male,22,Nottingham,23/05/2023,No
C0790,Female,35,London,04/09/2022,Yes
C0791,Female,43,Leeds,18/07/2023,Yes
C0792,Female,54,Nottingham,16/04/2023,Yes
C0793,Female,38,Manchester,26/05/2023,No
C0794,Male,24,Sheffield,01/11/2023,No
C0795,Male,23,Liverpool,06/02/2022,Yes
C0796,Female,39,Bristol,02/11/2023,Yes
C0797,Female,39,Nottingham,17/08/2022,No
C0798,Male,24,Leeds,09/04/2023,Yes
C0799,Female,58,Liverpool,16/12/2022,No
C0800,Male,28,Nottingham,19/04/2022,Yes
C0801,Male,34,Leeds,24/02/2023,Yes
C0802,Female,31,Nottingham,04/05/2022,Yes
C0803,Male,44,London,13/12/2022,Yes
C0804,Female,60,Birmingham,07/04/2023,No
C0805,Male,53,Sheffield,05/01/2022,No
C0806,Male,62,Birmingham,05/06/2023,Yes
C0807,Female,60,Bristol,17/04/2022,No
C0808,Male,35,Sheffield,05/03/2023,No
C0809,Female,26,Birmingham,29/10/2022,No
C0810,Female,62,Bristol,09/09/2023,Yes
C0811,Male,57,Liverpool,25/07/2022,No
C0812,Male,63,Birmingham,20/11/2023,No
C0813,Female,53,Nottingham,29/04/2022,No
C0814,Female,45,London,22/11/2023,Yes
C0815,Female,27,London,26/01/2022,Yes
C0816,Female,28,Liverpool,24/07/2022,No
C0817,Male,62,Liverpool,30/05/2022,Yes
C0818,Male,40,Nottingham,09/07/2023,Yes
C0819,Male,65,Sheffield,23/09/2023,Yes
C0820,Female,62,London,08/06/2023,No
C0821,Female,61,Bristol,01/02/2023,Yes
C0822,Female,30,Nottingham,14/01/2022,Yes
C0823,Female,55,Leeds,11/10/2023,Yes
C0824,Female,29,Manchester,29/10/2022,Yes
C0825,Male,42,London,27/06/2022,No
C0826,Female,26,Birmingham,13/10/2022,No
C0827,Female,47,Birmingham,06/01/2022,Yes
C0828,Female,56,London,07/06/2022,No
C0829,Female,22,Bristol,18/05/2023,Yes
C0830,Male,50,Birmingham,08/07/2022,No
C0831,Female,23,Bristol,11/07/2023,Yes
C0832,Female,39,Bristol,07/08/2022,No
C0833,Female,53,London,12/08/2022,Yes
C0834,Female,46,Leeds,16/11/2023,Yes
C0835,Female,42,Manchester,10/02/2022,No
C0836,Female,19,Bristol,20/09/2022,No
C0837,Male,36,Leeds,14/05/2023,No
C0838,Male,24,Birmingham,11/06/2023,Yes
C0839,Male,31,Leeds,04/10/2023,No
C0840,Male,52,Sheffield,17/04/2022,Yes
C0841,Male,47,Bristol,07/06/2022,Yes
C0842,Male,21,Birmingham,31/03/2022,No
C0843,Male,54,Leeds,26/07/2023,No
C0844,Female,46,Sheffield,22/02/2023,No
C0845,Male,42,Manchester,20/11/2022,Yes
C0846,Male,65,London,19/10/2023,Yes
C0847,Male,36,Liverpool,02/01/2023,Yes
C0848,Female,42,Sheffield,16/10/2022,Yes
C0849,Male,52,Leeds,01/05/2023,Yes
C0850,Female,58,Birmingham,05/02/2023,No
C0851,Female,18,Birmingham,25/11/2023,Yes
C0852,Male,54,Sheffield,12/02/2022,Yes
C0853,Male,65,Bristol,09/11/2022,Yes
C0854,Male,28,Birmingham,27/02/2023,Yes
C0855,Female,30,Manchester,24/09/2023,Yes
C0856,Male,53,Nottingham,19/11/2023,Yes
C0857,Male,34,Manchester,25/10/2022,Yes
C0858,Female,39,Bristol,18/08/2023,Yes
C0859,Male,24,Liverpool,19/11/2023,Yes
C0860,Female,49,Nottingham,18/07/2022,No
C0861,Female,62,Birmingham,24/09/2023,No
C0862,Female,28,London,20/11/2022,No
C0863,Male,63,Sheffield,10/09/2022,No
C0864,Male,61,Bristol,04/01/2023,No
C0865,Female,40,Liverpool,19/04/2023,No
C0866,Male,29,Manchester,19/07/2023,No
C0867,Male,34,Manchester,24/05/2022,Yes
C0868,Male,55,Sheffield,20/01/2022,Yes
C0869,Female,52,Nottingham,07/02/2022,Yes
C0870,Female,32,Liverpool,10/01/2023,Yes
C0871,Male,43,Bristol,21/04/2023,Yes
C0872,Male,57,Birmingham,10/11/2023,Yes
C0873,Male,29,Birmingham,02/04/2023,No
C0874,Male,32,Nottingham,03/01/2023,Yes
C0875,Female,41,Leeds,06/03/2022,Yes
C0876,Male,51,Bristol,16/11/2023,No
C0877,Female,20,London,26/04/2023,No
C0878,Female,65,Liverpool,16/04/2022,Yes
C0879,Female,41,Manchester,21/01/2023,No
C0880,Male,51,Sheffield,21/01/2023,No
C0881,Female,48,London,20/12/2022,Yes
C0882,Male,32,Manchester,27/03/2023,No
C0883,Male,29,Birmingham,05/08/2022,No
C0884,Male,60,Leeds,09/09/2023,No
C0885,Male,48,Nottingham,05/12/2022,No
C0886,Male,59,Sheffield,04/08/2022,Yes
C0887,Male,26,Birmingham,07/09/2022,Yes
C0888,Male,54,Birmingham,07/10/2023,Yes
C0889,Female,29,Sheffield,20/06/2022,Yes
C0890,Female,23,Leeds,09/11/2023,No
C0891,Female,48,Birmingham,14/09/2023,Yes
C0892,Male,55,Birmingham,25/02/2023,No
C0893,Female,47,Manchester,21/06/2022,Yes
C0894,Female,26,Manchester,23/01/2023,Yes
C0895,Female,27,Manchester,27/07/2022,Yes
C0896,Male,52,Manchester,03/05/2023,Yes
C0897,Male,56,London,09/05/2023,No
C0898,Female,41,London,19/06/2023,No
C0899,Female,42,Bristol,23/08/2022,Yes
C0900,Male,34,Nottingham,12/03/2023,Yes
C0901,Female,56,Sheffield,27/03/2022,No
C0902,Male,63,London,13/07/2022,Yes
C0903,Male,42,Leeds,17/06/2023,No
C0904,Female,24,Birmingham,23/02/2023,No
C0905,Female,34,Sheffield,30/10/2023,No
C0906,Female,61,Sheffield,19/09/2023,Yes
C0907,Female,29,Bristol,28/02/2023,No
C0908,Female,54,Bristol,17/09/2022,No
C0909,Male,65,Leeds,22/05/2022,No
C0910,Male,31,Sheffield,15/06/2022,No
C0911,Male,28,Sheffield,18/07/2023,Yes
C0912,Male,48,Sheffield,04/04/2022,Yes
C0913,Female,32,Bristol,07/03/2022,Yes
C0914,Male,64,Sheffield,16/09/2023,No
C0915,Female,63,London,21/09/2023,Yes
C0916,Female,46,London,18/10/2023,Yes
C0917,Female,30,London,04/11/2023,Yes
C0918,Male,61,London,22/09/2023,No
C0919,Male,28,Manchester,02/09/2022,No
C0920,Female,60,Sheffield,14/02/2023,No
C0921,Male,51,London,24/08/2023,Yes
C0922,Female,64,Bristol,03/04/2022,No
C0923,Male,56,Leeds,11/10/2022,No
C0924,Male,34,Birmingham,18/02/2023,No
C0925,Male,53,Manchester,03/06/2023,No
C0926,Male,50,Liverpool,15/12/2022,No
C0927,Female,54,Nottingham,30/03/2023,Yes
C0928,Female,61,Nottingham,14/12/2022,Yes
C0929,Male,34,Manchester,09/05/2023,No
C0930,Male,61,Leeds,11/10/2023,No
C0931,Female,51,London,27/02/2023,No
C0932,Female,23,Sheffield,12/09/2022,No
C0933,Male,48,Bristol,19/03/2022,No
C0934,Female,29,Leeds,12/08/2022,No
C0935,Male,65,Leeds,24/07/2022,No
C0936,Male,30,Leeds,31/07/2022,No
C0937,Male,25,Manchester,09/06/2022,No
C0938,Male,52,London,21/09/2023,No
C0939,Female,49,Liverpool,16/01/2023,No
C0940,Female,43,Leeds,07/07/2022,Yes
C0941,Female,48,London,25/02/2022,No
C0942,Male,47,Manchester,08/02/2023,No
C0943,Male,18,Leeds,20/11/2022,No
C0944,Male,38,Bristol,18/08/2023,No
C0945,Female,33,Liverpool,11/07/2022,No
C0946,Female,41,Birmingham,20/09/2023,No
C0947,Male,44,Bristol,11/03/2023,No
C0948,Female,46,Birmingham,15/02/2023,Yes
C0949,Male,24,Liverpool,13/08/2023,Yes
C0950,Female,42,Leeds,23/07/2023,Yes
C0951,Female,18,Birmingham,03/06/2022,No
C0952,Male,58,Bristol,27/05/2023,No
C0953,Female,53,London,04/11/2022,No
C0954,Male,21,Leeds,12/04/2022,No
C0955,Male,46,Bristol,03/05/2023,No
C0956,Female,53,Liverpool,05/01/2023,No
C0957,Female,25,Bristol,21/01/2022,Yes
C0958,Male,36,Bristol,14/08/2023,No
C0959,Female,65,Nottingham,21/11/2023,Yes
C0960,Female,47,Birmingham,26/01/2023,Yes
C0961,Female,44,Sheffield,18/10/2023,Yes
C0962,Male,39,Leeds,23/03/2022,No
C0963,Female,63,Liverpool,21/11/2022,No
C0964,Female,41,Nottingham,05/10/2022,No
C0965,Male,19,Birmingham,21/06/2022,Yes
C0966,Female,65,Manchester,09/11/2023,Yes
C0967,Female,24,Manchester,20/06/2022,Yes
C0968,Male,19,Sheffield,30/04/2023,Yes
C0969,Female,57,Birmingham,17/04/2022,Yes
C0970,Female,37,Leeds,02/11/2023,Yes
C0971,Female,58,Birmingham,18/10/2022,Yes
C0972,Male,19,London,24/06/2023,No
C0973,Female,47,Liverpool,30/11/2022,No
C0974,Male,55,Nottingham,19/05/2022,No
C0975,Female,40,Nottingham,21/06/2023,Yes
C0976,Female,37,Bristol,02/04/2022,No
C0977,Male,37,London,24/09/2022,Yes
C0978,Male,40,Liverpool,20/06/2023,No
C0979,Male,62,Nottingham,02/07/2023,No
C0980,Male,45,Liverpool,03/11/2022,Yes
C0981,Female,30,Sheffield,08/01/2022,No
C0982,Male,28,Sheffield,09/02/2023,No
C0983,Female,23,Sheffield,14/08/2022,Yes
C0984,Female,36,Liverpool,14/06/2023,No
C0985,Male,29,Birmingham,12/07/2022,No
C0986,Female,57,Nottingham,24/04/2022,No
C0987,Female,30,Bristol,30/09/2023,Yes
C0988,Male,52,London,05/06/2022,Yes
C0989,Female,35,Birmingham,15/04/2022,No
C0990,Male,23,Birmingham,09/01/2022,Yes
C0991,Male,39,Sheffield,21/05/2023,No
C0992,Female,47,London,26/05/2023,No
C0993,Male,21,Liverpool,24/03/2022,No
C0994,Female,29,Leeds,15/03/2022,No
C0995,Male,25,Leeds,26/01/2023,No
C0996,Male,65,London,30/03/2023,Yes
C0997,Male,51,Leeds,17/04/2023,No
C0998,Female,38,Birmingham,03/02/2023,Yes
C0999,Male,34,Nottingham,17/07/2023,No
C1000,Female,21,Leeds,23/07/2022,Yes
C1001,Female,38,London,30/08/2022,Yes
C1002,Male,43,Leeds,10/10/2022,Yes
C1003,Female,62,Birmingham,13/02/2022,No
C1004,Male,28,Nottingham,02/04/2022,Yes
C1005,Female,58,London,26/09/2023,Yes
C1006,Male,62,Manchester,31/12/2022,Yes
C1007,Male,38,Bristol,15/05/2023,No
C1008,Male,62,Sheffield,17/07/2022,No
C1009,Female,20,Nottingham,18/05/2022,No
C1010,Female,52,Nottingham,27/07/2023,Yes
C1011,Male,52,Bristol,04/08/2023,No
C1012,Female,56,Birmingham,25/04/2023,Yes
C1013,Male,46,Liverpool,28/06/2023,No
C1014,Female,47,London,09/07/2023,No
C1015,Male,57,Bristol,09/07/2022,Yes
C1016,Male,60,Sheffield,25/11/2022,Yes
C1017,Female,53,Birmingham,21/06/2023,No
C1018,Female,59,Bristol,27/11/2022,Yes
C1019,Male,20,Birmingham,09/04/2022,Yes
C1020,Male,24,Nottingham,02/02/2022,Yes
C1021,Male,54,Sheffield,12/04/2022,No
C1022,Female,21,Bristol,23/06/2023,Yes
C1023,Male,18,Leeds,13/09/2023,No
C1024,Female,58,London,23/03/2022,No
C1025,Female,41,London,26/07/2023,No
C1026,Male,64,Manchester,26/06/2023,No
C1027,Male,51,Manchester,21/03/2022,Yes
C1028,Female,30,Leeds,25/08/2022,Yes
C1029,Male,53,Sheffield,07/08/2023,Yes
C1030,Female,61,Nottingham,16/10/2023,No
C1031,Male,29,Sheffield,17/04/2022,No
C1032,Male,52,Nottingham,05/11/2023,No
C1033,Female,41,Sheffield,19/11/2022,No
C1034,Male,54,Leeds,28/11/2022,No
C1035,Female,41,Nottingham,18/07/2023,No
C1036,Male,64,London,11/02/2023,No
C1037,Male,51,Birmingham,03/09/2023,No
C1038,Female,32,Leeds,07/01/2022,No
C1039,Female,53,Birmingham,23/01/2022,Yes
C1040,Female,40,Birmingham,08/02/2022,Yes
C1041,Female,55,Leeds,29/09/2022,Yes
C1042,Female,23,Sheffield,20/09/2022,Yes
C1043,Female,48,Birmingham,21/03/2022,No
C1044,Male,56,Liverpool,14/08/2023,Yes
C1045,Female,23,London,14/08/2023,No
C1046,Female,44,Manchester,23/12/2022,Yes
C1047,Male,58,Sheffield,31/10/2023,Yes
C1048,Male,38,Birmingham,09/11/2022,No
C1049,Male,27,London,30/05/2023,No
C1050,Male,32,Sheffield,02/04/2023,No
C1051,Male,26,Bristol,08/02/2023,Yes
C1052,Male,53,Sheffield,03/05/2023,No
C1053,Female,50,Sheffield,29/03/2022,Yes
C1054,Female,53,Leeds,19/05/2022,No
C1055,Male,53,Leeds,09/02/2023,Yes
C1056,Female,45,Bristol,15/03/2022,Yes
C1057,Female,45,Bristol,26/04/2022,No
C1058,Female,40,London,15/07/2022,No
C1059,Female,57,Nottingham,23/06/2022,Yes
C1060,Male,32,Leeds,28/03/2023,No
C1061,Male,25,London,09/06/2022,Yes
C1062,Male,36,London,28/09/2023,No
C1063,Female,46,Nottingham,24/04/2022,Yes
C1064,Male,65,Leeds,06/12/2022,Yes
C1065,Female,53,Nottingham,14/07/2023,Yes
C1066,Male,42,London,16/11/2023,No
C1067,Male,36,Leeds,24/06/2022,No
C1068,Female,59,London,24/02/2022,Yes
C1069,Female,60,Bristol,02/02/2023,Yes
C1070,Female,59,Sheffield,20/01/2022,Yes
C1071,Male,38,Nottingham,25/01/2023,Yes
C1072,Male,50,Nottingham,10/07/2022,Yes
C1073,Male,51,Liverpool,10/02/2022,No
C1074,Female,65,Birmingham,17/05/2023,Yes
C1075,Female,40,Liverpool,22/12/2022,Yes
C1076,Female,21,Liverpool,29/05/2023,No
C1077,Female,32,Birmingham,31/01/2022,No
C1078,Male,23,Sheffield,07/02/2023,Yes
C1079,Male,54,Birmingham,04/03/2023,No
C1080,Female,46,Birmingham,16/11/2022,Yes
C1081,Male,55,Leeds,31/10/2023,Yes
C1082,Male,45,Birmingham,13/11/2022,Yes
C1083,Male,53,Manchester,22/11/2022,Yes
C1084,Male,64,London,22/11/2022,No
C1085,Female,37,Nottingham,28/02/2023,No
C1086,Male,24,Birmingham,05/06/2022,Yes
C1087,Female,56,Leeds,27/01/2022,Yes
C1088,Male,40,Manchester,25/08/2022,No
C1089,Female,63,Bristol,18/05/2022,Yes
C1090,Female,48,Birmingham,01/02/2023,Yes
C1091,Male,20,Sheffield,17/07/2022,Yes
C1092,Female,32,Leeds,04/10/2022,Yes
C1093,Male,46,Nottingham,09/03/2022,No
C1094,Male,45,Sheffield,14/04/2023,Yes
C1095,Female,64,Bristol,15/09/2023,No
C1096,Male,51,Manchester,19/09/2023,No
C1097,Male,33,Sheffield,13/04/2023,Yes
C1098,Female,51,London,26/07/2023,Yes
C1099,Female,43,Liverpool,26/10/2022,No
C1100,Male,45,Liverpool,18/04/2023,Yes
C1101,Male,47,Nottingham,14/06/2023,Yes
C1102,Male,29,Birmingham,28/05/2023,No
C1103,Female,46,London,28/02/2023,Yes
C1104,Male,47,Manchester,10/04/2023,No
C1105,Male,63,Manchester,28/11/2022,Yes
C1106,Female,58,Bristol,27/04/2022,Yes
C1107,Female,64,Birmingham,21/06/2023,No
C1108,Female,20,Birmingham,18/07/2023,No
C1109,Male,28,Birmingham,03/08/2023,Yes
C1110,Female,37,Liverpool,22/02/2022,No
C1111,Male,25,Birmingham,23/10/2022,Yes
C1112,Female,18,Nottingham,04/01/2022,No
C1113,Male,56,Nottingham,26/05/2023,Yes
C1114,Female,47,Sheffield,11/08/2022,No
C1115,Male,33,Liverpool,23/03/2022,Yes
C1116,Male,27,London,20/02/2022,No
C1117,Male,20,Liverpool,07/02/2022,No
C1118,Male,24,Sheffield,31/03/2022,Yes
C1119,Female,57,Birmingham,15/06/2022,No
C1120,Female,20,Manchester,16/08/2023,No
C1121,Female,42,Manchester,27/11/2022,No
C1122,Male,36,Nottingham,18/07/2023,Yes
C1123,Female,39,Sheffield,05/05/2022,Yes
C1124,Male,24,Manchester,03/08/2022,No
C1125,Female,45,Bristol,12/09/2023,No
C1126,Female,26,Nottingham,23/06/2023,No
C1127,Male,57,Leeds,20/05/2023,No
C1128,Male,25,London,18/07/2022,No
C1129,Male,65,Leeds,03/10/2023,No
C1130,Male,39,Bristol,28/02/2023,Yes
C1131,Male,62,Liverpool,12/01/2022,No
C1132,Female,37,Bristol,11/03/2022,Yes
C1133,Female,39,Sheffield,27/04/2022,Yes
C1134,Male,39,Bristol,29/06/2022,No
C1135,Male,59,Birmingham,01/05/2023,No
C1136,Female,52,Bristol,09/06/2022,No
C1137,Male,51,Liverpool,28/02/2023,No
C1138,Male,31,Bristol,23/07/2023,No
C1139,Male,35,London,09/03/2022,No
C1140,Male,54,Sheffield,20/01/2023,Yes
C1141,Male,37,Bristol,02/09/2023,Yes
C1142,Female,23,Nottingham,06/10/2022,Yes
C1143,Female,37,Leeds,16/01/2023,No
C1144,Male,41,London,29/06/2022,Yes
C1145,Female,50,London,05/04/2022,No
C1146,Male,30,Bristol,28/05/2023,No
C1147,Female,38,Birmingham,21/06/2023,Yes
C1148,Male,31,London,13/06/2023,No
C1149,Male,18,Liverpool,01/02/2023,Yes
C1150,Male,39,Nottingham,01/09/2023,Yes
C1151,Female,19,Liverpool,16/04/2022,Yes
C1152,Male,30,Liverpool,25/11/2022,No
C1153,Female,46,Manchester,30/06/2023,No
C1154,Male,35,Manchester,02/06/2022,Yes
C1155,Male,31,Bristol,30/09/2023,No
C1156,Male,63,Liverpool,05/10/2022,Yes
C1157,Male,37,Bristol,25/06/2022,No
C1158,Male,19,Nottingham,21/02/2022,Yes
C1159,Female,21,Manchester,19/04/2022,No
C1160,Male,63,Nottingham,06/02/2023,No
C1161,Female,30,Manchester,16/11/2022,No
C1162,Male,23,Nottingham,05/08/2023,Yes
C1163,Female,61,Nottingham,12/04/2023,No
C1164,Male,27,Liverpool,26/08/2022,No
C1165,Male,62,Bristol,06/02/2023,No
C1166,Female,19,Manchester,10/04/2023,No
C1167,Female,48,Nottingham,26/04/2022,Yes
C1168,Female,56,Birmingham,17/10/2022,Yes
C1169,Male,38,Manchester,20/02/2023,No
C1170,Female,43,Sheffield,30/06/2023,Yes
C1171,Male,53,Birmingham,28/09/2023,No
C1172,Male,39,Leeds,29/01/2023,No
C1173,Female,52,Leeds,22/03/2023,Yes
C1174,Male,65,Nottingham,10/11/2023,Yes
C1175,Female,38,Manchester,30/08/2023,No
C1176,Female,43,Manchester,30/06/2022,Yes
C1177,Female,38,Nottingham,03/09/2023,Yes
C1178,Male,26,London,03/04/2022,Yes
C1179,Male,46,Liverpool,08/11/2023,No
C1180,Female,30,Leeds,23/09/2023,No
C1181,Female,45,Bristol,03/11/2022,Yes
C1182,Male,57,Sheffield,20/08/2023,Yes
C1183,Male,41,London,29/10/2022,Yes
C1184,Female,25,Liverpool,28/07/2023,Yes
C1185,Female,62,Sheffield,29/08/2022,No
C1186,Female,42,Sheffield,27/01/2023,Yes
C1187,Male,48,Birmingham,10/11/2023,Yes
C1188,Female,41,Sheffield,23/07/2023,Yes
C1189,Male,26,London,23/10/2022,Yes
C1190,Male,27,Nottingham,26/10/2023,No
C1191,Male,26,Sheffield,20/05/2022,No
C1192,Female,57,Birmingham,11/09/2023,No
C1193,Female,53,Nottingham,06/06/2023,No
C1194,Male,29,Sheffield,30/12/2022,Yes
C1195,Female,64,Leeds,15/08/2023,No
C1196,Female,20,London,25/02/2023,No
C1197,Male,55,Nottingham,13/01/2023,Yes
C1198,Female,47,Manchester,26/05/2022,Yes
C1199,Female,58,Manchester,09/09/2022,No
C1200,Male,39,London,20/09/2023,No
